{"cameraMode":{"drawMode":0,"name":"Shaded","section":"Shading Mode"},"sceneLighting":true,"audioPlay":false,"sceneViewState":{"showFog":true,"showMaterialUpdate":false,"showSkybox":true,"showFlares":true,"showImageEffects":true,"showParticleSystems":true},"in2DMode":false,"pivot":{"x":3.8101425170898439,"y":3.2387397289276125,"z":11.695728302001954},"rotation":{"x":-0.11400613933801651,"y":0.6322430968284607,"z":-0.09478440135717392,"w":-0.760454535484314},"size":4.942854404449463,"orthographic":false}